project_name,stars_count,Language,Domain,commits_count_total,commits_count_max,commits_count_avg,contributors_count_max,minor_count_max,contributors_count_avg,minor_count_avg,created year
"GitHub - zxing/zxing: ZXing (""Zebra Crossing"") barcode scanning library for Java, Android",28700,Java,android,3622,2654,4,7,17,1,0,2011
GitHub - zoozooll/3DModel_Tvbox_Manual: android a opengl pro,1,Java,android,2,1,1,1,0,1,0,2012
GitHub - zeusbaba/generic-store-for-android: Generic Store & Cache for Android,23,Java,android,42,18,2,2,1,1,0,2010
GitHub - ZenIsBestWolf/iDevice-Assets: iDevice Asset Repository,1,Markdown,ios,6,3,1,1,0,1,0,2019
GitHub - yurenju/PrismFlipper: Animation transition demo on Android,2,Java,android,5,2,1,1,0,1,0,2011
GitHub - yujin1292/HeungR: í—ˆë°ì„ ì•…ë³´(Midi File)ë¡œ ë§Œë“¤ì–´ì£¼ëŠ” ì–´í”Œë¦¬ì¼€ì´ì…˜,0,Java,android,146,58,3,3,1,1,0,2020
GitHub - ykiZheng/Android-2021-Summer: 2021å¹´çŸ­å­¦æœŸå®‰å“åº”ç”¨å¼€å‘å®è®­ä½œä¸šä»“åº“,0,Java,android,11,2,1,2,0,1,0,2021
GitHub - yep/DeviceSync-for-OS-X: Calendar synchronization between iOS and OS X using USB,12,Objective-C,ios,18,5,1,1,0,1,0,2013
GitHub - xsscx/srd: Welcome to Hoyt's SRD Repo for the Apple Security Research Device. Contribute Code or Open Issues. Follow @srdcohort on Twitter,18,Assembly,ios,992,149,2,1,0,1,0,2021
GitHub - wszlosek/UJ-Android,0,Kotlin,android,50,191,2,1,0,1,0,2021
GitHub - wix/react-native-calendars: React Native Calendar Components ğŸ—“ï¸ ğŸ“†,7300,TypeScript,ios,1808,175,10,6,44,1,1,2016
GitHub - werediver/MjpegStream-iOS: Motion-JPEG over HTTP support code for iOS (using ARC).,2,Objective-C,ios,12,13,2,2,1,1,0,2013
GitHub - wallabag/android-app: Android application to read your articles saved in your wallabag. You can also easily add new articles.,361,Java,android,2061,217,7,7,24,1,0,2014
GitHub - vspiewak/gdx-game: Sample game for Android/iOS/Desktop/HTML5 using libgdx,1,Java,android,7,2,1,1,0,1,0,2013
GitHub - vspiewak/gdx-game: Sample game for Android/iOS/Desktop/HTML5 using libgdx,1,Java,ios,7,2,1,1,0,1,0,2013
GitHub - unoplatform/Uno.Themes: This library is designed to help you use the material design system with the Uno Platform,86,C#,android,925,120,4,7,10,2,0,2020
"GitHub - UNIDY2002/THUInfo: An APP aimed at integrating various sources of campus information, developed with React Native âš›ï¸",57,TypeScript,ios,1348,771,8,3,2,1,0,2020
GitHub - umer936/XposedMods: Modifications using the Xposed framework,1,Java,android,45,31,2,3,2,1,0,2014
GitHub - umer936/device_htc_evita: Device config for the AT&T/Rogers HTC One X / evita,0,Markdown,android,9,6,1,3,1,1,0,2013
GitHub - ultralytics/yolov5: YOLOv5 ğŸš€ in PyTorch > ONNX > CoreML > TFLite,19400,Python,ios,1663,324,21,3,40,1,2,2020
GitHub - ultralytics/yolov3: YOLOv3 in PyTorch > ONNX > CoreML > TFLite,8100,Python,ios,2631,789,19,2,15,1,0,2018
GitHub - ulmerkott/matdatabasen: Androidapp fÃ¶r att enkelt sÃ¶ka i Finelis databas.,0,Java,android,21,8,1,1,0,1,0,2016
GitHub - uber/NullAway: A tool to help eliminate NullPointerExceptions (NPEs) in your Java code with low build-time overhead,3000,Java,android,417,119,6,6,8,1,0,2017
GitHub - tzhenghao/ToDoList: A simple iOS application that keeps track of a to-do list that the user can use for various tasks.,0,Objective-C,ios,9,3,1,1,0,1,0,2014
GitHub - twitter/scrooge: A Thrift parser/generator,745,Scala,android,1731,267,10,10,57,2,2,2011
GitHub - tuxrace/expense-ios-app: Iphone IOS expense summary app swift uitableview coredata,1,Swift,ios,35,22,4,2,1,1,0,2020
"GitHub - tryzealot/zealot: å¼€æºè‡ªéƒ¨ç½²ç§»åŠ¨åº”ç”¨å’Œ macOS åº”ç”¨åˆ†å‘å¹³å°ï¼Œæä¾›iOSã€Android SDKã€fastlane ç­‰ä¸°å¯Œç»„ä»¶åº“| Over The Air Server for deployment of Android, iOS and macOS apps",289,Ruby,android,2428,513,3,3,1,1,0,2019
"GitHub - Trinea/android-open-project: A categorized collection of Android Open Source Projects,  More powerful web version:",30800,Markdown,android,954,629,131,2,115,1,26,2014
GitHub - Tombarr/Signal-Strength-Detector: Signal Strength Detector for Android,31,Java,android,3,1,1,1,0,1,0,2011
GitHub - Tombarr/Seven--Calculator: The Seven+ Calculator - A Metro UI Inspired Calculator for Android,22,Java,android,5,4,1,1,0,1,0,2011
"GitHub - Tombarr/OpenMetro: Free, non-commercial, attribution-required access to the Windows Phone 7/ Metro User Interface Library for Android",15,Markdown,android,2,2,1,1,0,1,0,2012
GitHub - Tombarr/GridFragment: Android parent Fragment for working with GridViews.,16,Java,android,1,1,1,1,0,1,0,2012
GitHub - tminions/binocularss: An Android RSS reader built with Kotlin and Jetpack Compose,10,Kotlin,android,318,59,4,5,4,1,0,2021
GitHub - Tirael/s3_screenshot_grabber_android: Android (ICS+) port of S3 Screenshot Grabber.,0,Java,android,7,4,1,1,0,1,0,2013
GitHub - Tim9Liu9/TimLiu-iOS: iOSå¼€å‘å¸¸ç”¨ä¸‰æ–¹åº“ã€æ’ä»¶ã€çŸ¥ååšå®¢ç­‰ç­‰,10900,Markdown,ios,1635,1396,146,4,43,1,6,2014
GitHub - thulasiram-sarathy/Android-Epoxy-Recyclerview: Android Epoxy Recyclerview with retrofit network call,0,Kotlin,android,3,2,1,1,0,1,0,2020
GitHub - thiendangit/react-native-thermal-receipt-printer-image-qr: React native thermal receipt printer,6,Java,android,36,20,1,2,1,1,0,2021
GitHub - Tencent/ncnn: ncnn is a high-performance neural network inference framework optimized for the mobile platform,13300,C++,ios,2330,150,5,6,26,1,0,2017
GitHub - TeamCherish/Cherish-iOS: ğŸğŸ’ íƒìš•ì§‘ì°©ë¶ˆëˆì´ë“¤ ì¼ì·¨ì›”ì¥ ì¼ì‚¬ì²œë¦¬,28,Swift,ios,748,137,4,5,4,1,0,2020
GitHub - tbdawg/VerticalMarqueeTextView: This is an Android class for creating a TextView that will Marquee or Auto Scroll Vertically.,28,Java,android,7,3,1,1,0,1,0,2012
GitHub - sunsided/android-utils: Android utility library with math voodoo and object caching,3,Java,android,168,32,5,1,0,1,0,2012
GitHub - sunsided/android-soundtest: streaming audio generation test,2,Java,android,2,2,1,1,0,1,0,2012
GitHub - sunsided/android-bluetoothspp: Android Bluetooth SPP test,6,Java,android,23,13,2,1,0,1,0,2012
GitHub - stuartcarnie/c64iphone: Commodore 64 for iPhone,40,Objective-C,ios,3,2,1,1,0,1,0,2010
"GitHub - stipop-development/stipop-ios-sdk: 150,000+ stickers API & SDK for iOS Apps.",13,Swift,ios,4,4,1,1,0,1,0,2021
"GitHub - stevennovations/Crabifier: Android App that classifies Crab Images based on Olivacea, Serrata, Tranqebarica.",0,Java,android,8,3,1,1,0,1,0,2018
GitHub - Steffanic/FriendSync: Let's Hang Out! FriendSync is an app that makes it easier to get out with your people more often!,0,Dart,android,30,16,1,1,0,1,0,2021
GitHub - srayaa/rebateMall: è¿”åˆ©å•†åŸ,0,Objective-C,ios,14,59,1,1,0,1,0,2018
GitHub - srayaa/JD_Mall: äº¬ä¸œè´­ç‰©å•†åŸ,0,Objective-C,ios,62,34,2,3,2,1,0,2018
GitHub - square/leakcanary: A memory leak detection library for Android.,27000,Kotlin,android,1631,421,3,7,30,1,0,2015
GitHub - sporsh/adb-dissector: Wireshark dissector for the Android Debug Bridge (ADB) protocol,8,C,android,4,3,1,1,0,1,0,2013
"GitHub - Solido/awesome-flutter: An awesome list that curates the best Flutter libraries, tools, tutorials, articles and more.",38400,Dart,ios,1741,714,130,3,263,1,34,2017
GitHub - skaradimitriou/ElmepaUniApp: This app was developed for ELMEPA University in Agios Nikolaos Crete as a useful tool for the students. Live at Google Play Kotlin | Coroutines | Jsoup | Picasso | Room Db,0,Kotlin,android,223,168,4,1,0,1,0,2020
GitHub - silentsignal/NFCat: Mifare Classic CUI for NFC-enabled Android devices,1,Java,android,25,18,3,1,0,1,0,2013
GitHub - SIKV/Photos,48,Kotlin,android,271,332,3,2,1,1,0,2018
GitHub - siddharta1337/Manual-del-guerrero-movil-Phonegap: Ejemplos de cÃ³digo PhoneGap,14,JavaScript,android,26,4,1,1,0,1,0,2012
GitHub - SheetJS/sheetjs: SheetJS Community Edition -- Spreadsheet Data Toolkit,28300,JavaScript,ios,577,311,9,5,46,1,0,2012
GitHub - ShahParin/AttendanceManager: An attendance organiser android app,0,Java,android,4,3,1,1,0,1,0,2019
GitHub - shadowsocks/shadowsocks-android: A shadowsocks client for Android,32100,Kotlin,android,3628,3570,5,5,12,1,0,2012
GitHub - seichter/tacitpixel: Tacit Pixel is a small scenegraph prototyping library,1,C,ios,303,103,2,3,2,1,0,2013
GitHub - SDWebImage/SDWebImage: Asynchronous image downloader with cache support as a UIImageView category,23900,Objective-C,ios,3133,252,13,7,60,1,1,2009
GitHub - Sciss/ScalaAndroidCollider: Proof of concept: ScalaCollider runs on Android - NOTE: very old and abandoned,5,Scala,android,3,3,1,1,0,1,0,2010
GitHub - SAP-samples/cloud-sdk-ios-specs: Dependency Manager specs repository for SAP BTP SDK for iOS.,10,Ruby,ios,225,37,2,3,3,1,0,2019
GitHub - samsoncsyu7777/samsoncsyu7777: Web and Mobile Full Stack Software Engineer,0,Markdown,android,92,92,92,1,0,1,0,2021
"GitHub - ryanwong-uk/dazn-code-challenge: DAZN Code Challenge. A take-home code project for the interview process. Using MVVM, Kotlin, Coroutine, Retrofit 2, RoomDB, Hilt, JUnit4, Espresso",0,Kotlin,android,163,31,3,1,1,1,0,2021
GitHub - rudmac/rudlamp: Arduino RGB LED controller by Bluetooth.,4,Java,android,1,1,1,1,0,1,0,2013
GitHub - realtomjoney/PyxlMoose: An open-source pixel art creator for Android.,13,Kotlin,android,606,145,7,1,1,1,0,2021
GitHub - ReactiveX/RxSwift: Reactive Programming in Swift,21100,Swift,ios,3596,749,10,7,65,1,1,2015
"GitHub - reactiveui/ReactiveUI: An advanced, composable, functional reactive model-view-viewmodel framework for all .NET platforms that is inspired by functional reactive programming. ReactiveUI allows you to  abstract mutable state away from your user interfaces, express the idea around a feature in one readable place and improve the testability of your application.",6700,C#,ios,4784,2441,7,7,25,1,1,2010
GitHub - react-native-elements/react-native-elements: Cross-Platform React Native UI Toolkit,21700,TypeScript,ios,2139,773,7,8,57,1,1,2016
GitHub - RBusarow/ModuleCheck: Fast dependency graph validation for gradle,5,Kotlin,android,355,101,5,4,2,1,0,2020
GitHub - rajesh-loganathan/IOS-SqLite,0,Ruby,ios,2,1,1,1,0,1,0,2014
"GitHub - quinise/Ubox: An android mobile application that consolidates the userâ€™s Gmail account, Twitter, and Facebook timelines with a team of 6; evaluated and wrote technical specifications, maintained team productivity, and Twitter mobile application development.",0,Java,android,7,4,1,2,1,1,0,2013
"GitHub - QueraltSM/Dipuerto: Dipuerto, Disoft Servicios InformÃ¡ticos S.L.",0,Java,android,8,4,1,1,0,1,0,2019
GitHub - QueenieCplusplus/iOS_Back_17: æ²™ç›’èˆ‡åŒä¸€é–‹ç™¼è€…çš„ä¸åŒ app è³‡æ–™å…±äº«å€,0,Markdown,ios,2,2,2,1,0,1,0,2021
GitHub - puntogris/blint: Open source stock & inventory manager for Android.,0,Kotlin,android,275,329,6,2,1,1,0,2021
GitHub - psynord/NotiMaker: Notification maker app,0,Java,android,2,1,1,1,0,1,0,2021
GitHub - profburke/PassVue: Simple iOS app to view Passbook passes.,1,Objective-C,ios,1,1,1,1,0,1,0,2013
GitHub - podkovyrin/DeepL-iOS: Unofficial DeepL iOS Client,9,Swift,ios,3,2,1,1,0,1,0,2020
"GitHub - pinguet62/ISIMA--ZZ3--SMSToXMPPiOSApp: Application iOS, qui doit Ãªtre couplÃ©e Ã  Croquette, permet l'envoi de SMS depuis un navigateur web",4,Objective-C,ios,6,5,1,1,1,1,0,2012
GitHub - pheuter/MFWalkthrough: A container view controller for iOS that manages conditional navigation between view controllers,35,Objective-C,ios,19,5,2,1,0,1,0,2014
GitHub - peace-shillong/Localized-App: Simple Android app for displaying text in English and Khasi,0,Java,android,6,2,1,1,0,1,0,2020
"GitHub - pavelsurovy/DrawingChallenge: HackingWithSwift Drawing Challenge, project 9",0,Swift,ios,5,5,1,1,0,1,0,2021
"GitHub - panchalpk20/Drawing-App: This Android Studio project for simple drawing app created by me during my Internship period. This app Contains canvas,different colors and color-chooser and slider for controlling size of brush.",0,Java,android,1,1,1,1,0,1,0,2019
GitHub - P3nz/bedrock-launcher: The official non licensed Minecraft bedrock launcher for IOS and Android,0,Markdown,android,3,3,3,1,0,1,0,2021
"GitHub - Oztechan/CCC: Currency Converter Calculator for Android, iOS and Backend with power of Kotlin Multiplatform",146,Kotlin,ios,2010,564,12,2,1,1,0,2017
"GitHub - Oztechan/CCC: Currency Converter Calculator for Android, iOS and Backend with power of Kotlin Multiplatform",146,Kotlin,android,2010,564,12,2,1,1,0,2017
GitHub - orangdong/project_airplane: Airplane booking app using flutter,0,Dart,android,35,6,1,1,0,1,0,2021
GitHub - nVoxel/SteamMarketHelper: Steam Marketplace Mobile Client for Android,0,Java,android,10,5,1,2,0,1,0,2021
"GitHub - nnstreamer/nnstreamer: Neural Network (NN) Streamer, Stream Processing Paradigm for Neural Network Apps/Devices.",422,C,android,2971,312,11,7,12,2,1,2018
GitHub - nickfalk/NORLabelNode: Simple extension of Apple's SKLabelNode (SpriteKit). Allowing multiple lines through the use of \n in the text-string.,13,Objective-C,ios,50,36,13,1,1,1,0,2014
GitHub - Neph3779/Cloud-Notes: Core Dataë¥¼ í™œìš©í•˜ì—¬ ì œì‘í•œ ê°„ë‹¨í•œ ë©”ëª¨ì•±ì…ë‹ˆë‹¤.,0,Swift,ios,43,25,4,2,1,1,0,2021
GitHub - nbardiuk/SeekBarPreference: Android SeekBarPreference from http://www.codeproject.com/Articles/163541/SeekBar-Preference,0,Java,android,2,1,1,1,0,1,0,2013
GitHub - nawatts/Reveal: Augmented reality for iPhone,2,Objective-C,ios,26,13,3,1,0,1,0,2012
GitHub - naokazuterada/Android-OSC: [Android] OSC controller app for Android,6,Java,android,14,13,2,1,0,1,0,2011
GitHub - nanihadesuka/NovelDokusha: Android web novel reader,8,Kotlin,android,287,58,4,2,1,1,0,2021
GitHub - mrousavy/react-native-screen-corner-radius: ğŸ“± A React Native library to get the Device's Screen's corner radius,11,Java,ios,17,6,1,1,0,1,0,2020
GitHub - mostafabahri/crypto-display: Android Cryptomarket App using Flutter,3,Dart,android,44,16,1,1,0,1,0,2018
GitHub - mosra/magnum-plugins: Plugins for the Magnum C++11/C++14 graphics engine,77,C++,android,2371,243,7,4,8,1,0,2011
GitHub - mosra/magnum-integration: Integration libraries for the Magnum C++11/C++14 graphics engine,73,C++,android,928,100,13,4,5,1,0,2013
GitHub - Mohammedsaneem/Blood-Connect-Android,0,Markdown,android,3,2,1,1,0,1,0,2021
"GitHub - MohamedMostafaFawzi/Notes: A basic notes taking app, made for iOS Devices.",0,Swift,ios,5,3,1,1,0,1,0,2020
GitHub - mmin18/WaxPatch: Dynamically load a lua script to change the behavior of your iOS application.,826,C,ios,8,6,1,2,1,1,0,2012
GitHub - mihaicerchez/organizer-app-iOS: An organizer app for iOS with Calendar.,0,Swift,ios,17,6,1,1,0,1,0,2020
GitHub - microsoft/surface-duo-sdk-samples-flutter: flutter samples for Surface Duo,23,Dart,android,32,67,2,3,0,1,0,2020
GitHub - microsoft/AdaptiveCards: A new way for developers to exchange card content in a common and consistent way.,1100,C++,ios,3350,5681,4,7,29,1,0,2016
GitHub - mhdsulaiman/RegSite_Android_Application: Regsite is a mobile website and an android application for a simple student registration project.,0,Java,android,3,2,1,2,0,1,0,2021
GitHub - metrodroid/metrodroid: Read data from public transit cards using your NFC Android phone! (iOS 13 and PC/SC support coming soon),272,Kotlin,ios,4511,757,6,5,10,1,0,2015
GitHub - MetaMask/metamask-mobile: Mobile web browser providing access to websites that use the Ethereum blockchain,656,JavaScript,android,1454,420,7,8,16,2,1,2018
GitHub - MaximeAeva/Poco: Tiny app to follow your spendings habits,0,Kotlin,android,8,7,1,1,0,1,0,2021
GitHub - maxi-booking/d8base-frontend: The PWA and mobile applications for the d8base project,6,TypeScript,ios,2030,824,7,5,5,1,0,2019
GitHub - maxi-booking/d8base-frontend: The PWA and mobile applications for the d8base project,6,TypeScript,android,2036,824,7,5,5,1,0,2019
GitHub - mattjcamp/TastingNotes-Core-Data-Version: Tasting Notes Source Code,1,Objective-C,ios,105,46,5,1,0,1,0,2013
GitHub - manojmahapatra/MKMovingBlockAnimation: iOS app using cocos2d animation to render images like moving blocks.,60,Markdown,ios,5,2,1,1,0,1,0,2012
GitHub - manikantaraavi/manikantaraavi: ğŸ‘€,0,Markdown,android,4309,4265,391,2,0,1,0,2021
GitHub - malengatiger/new-monitor-repo: Testbed for HDA - source for MongoDB based backend and a suite of mobile apps (Android & iOS),3,Dart,ios,107,289,2,2,1,1,0,2019
GitHub - malengatiger/dancer-repo: Dancer - source code,1,Dart,ios,302,12171,2,4,3,1,0,2019
GitHub - makevoid/rubymotion-bug-report-1: Bug report sample repository for the rubymotion project - bug status: fixed - year 2012,1,Ruby,android,2,1,1,1,0,1,0,2012
GitHub - makevoid/rubymotion-bug-report-1: Bug report sample repository for the rubymotion project - bug status: fixed - year 2012,1,Ruby,ios,2,1,1,1,0,1,0,2012
GitHub - madalin-dogaru/balaurul: Offensive tooling....TBR,0,Markdown,ios,12,9,4,1,0,1,0,2021
GitHub - machiav3lli/oandbackupx: backup manager for android,897,Kotlin,android,2652,350,8,7,15,1,0,2019
GitHub - LuizCorrea-Dev/ListConversationCompose: projeto replicado do pathways do Developer.android com estudo de Jetpack-Compose,0,Kotlin,android,2,1,1,1,0,1,0,2021
GitHub - LSPosed/MagiskOnWSA: Integrate Magisk root and Google Apps (OpenGApps) into WSA (Windows Subsystem for Android),2200,Markdown,android,63,48,6,4,5,2,2,2021
GitHub - lposidon/android.SlabLauncher: A weird launcher inspired in windows phone's ui,3,Kotlin,android,34,14,2,2,0,1,0,2021
"GitHub - Lider123/mobile_desiregallery: Gallery app with db, web, etc. for Android",0,Kotlin,android,244,64,5,3,1,1,0,2019
GitHub - lefthanderomg/CryptoApp: Mobile client for coinmarketcap.com,0,Kotlin,android,37,64,2,1,0,1,0,2019
"GitHub - LagradOst/CloudStream-3: Android app for streaming and downloading Movies, TV-Series and Anime.",435,Kotlin,android,610,88,5,5,12,1,0,2021
GitHub - kyorohiro/KyoroStressV2: deprecated: android test tool. this tool create situation low memory killer is run,10,Java,android,22,9,1,1,0,1,0,2013
GitHub - kyorohiro/KyoroStressV1: deprecated: android test tool. this tool create situation low memory killer is run,3,PHP,android,2,1,1,1,0,1,0,2013
GitHub - kylecorry31/Trail-Sense: An Android app that uses your phone's sensors to assist with wilderness treks or survival situations.,270,Kotlin,android,2861,583,7,6,7,1,0,2019
GitHub - kwent/ios-custom-alertview: Custom AlertView. Add images and other UIViews to dialogs under iOS7.,20,Objective-C,ios,18,13,3,3,1,1,0,2013
GitHub - konalexiou/ios_localizable_strings_finder: ios localizable strings finder (and auto translator),2,Python,ios,2,2,1,1,0,1,0,2019
GitHub - KOKENY97/Cahue-BlastOff: RepositÃ³rio para subir exemplos e exercÃ­cios.,0,Swift,ios,81,35,2,1,0,1,0,2021
GitHub - Kjuly/UIBezierPath-Symbol: [DEPRECATED] Symbol extension for UIBezierPath class (UIBezierPath category).,116,Objective-C,ios,13,5,1,2,1,1,0,2012
GitHub - Kjuly/RockPaper: Project page for RockPaper - A simple Rock Paper Scissors game on iOS.,2,Shell,ios,3,3,2,1,0,1,0,2012
GitHub - Kjuly/MKMapView-ZoomLevel: MKMapView category with zoom level extension.,24,Objective-C,ios,9,3,1,2,0,1,0,2013
GitHub - Kjuly/KYUnlockCodeManager: Manage unlock codes (invitation code or free code) locally on client side only (iOS).,2,Objective-C,ios,14,12,6,1,0,1,0,2013
GitHub - Kjuly/KYManagedObject: Wrapped CoreData ManagedObject with convenient methods for iOS & OS X.,0,Objective-C,ios,2,1,1,1,0,1,0,2014
GitHub - khang-nd/android-web: An Android app using WebView and JavaScript Interface,0,Java,android,2,1,1,1,0,1,0,2021
GitHub - KeyboardKit/KeyboardKit: KeyboardKit is a Swift library that helps you create custom keyboard extensions for iOS and ipadOS.,627,Swift,ios,1550,548,7,3,3,1,0,2016
GitHub - keplersj/singingSiri: Teaching Siri how to sing!,4,Objective-C,ios,29,18,2,2,0,1,0,2012
GitHub - Kandy-IO/kandy-cpaas-ios-sdk: Kandy CPaaS iOS SDK release repository,5,Objective-C,ios,68,77,9,4,3,1,1,2019
"GitHub - kaaholst/android-squeezer: Remote control for your Logitech Media Server (""Squeezeserver"" etc) and players.",21,Java,android,2236,458,5,5,7,1,0,2011
GitHub - justjavac/free-programming-books-zh_CN: å…è´¹çš„è®¡ç®—æœºç¼–ç¨‹ç±»ä¸­æ–‡ä¹¦ç±ï¼Œæ¬¢è¿æŠ•ç¨¿,84800,Markdown,android,911,595,56,4,124,1,12,2013
GitHub - julianvasa/panoramagl: PanoramaGL library for iPhone and iPad.,2,Objective-C,ios,2,2,1,1,0,1,0,2015
GitHub - jreyesdev/peliculasApp: AplicaciÃ³n que consume API de pelÃ­culas construida con React Native,0,Java,ios,2,1,1,1,0,1,0,2021
GitHub - jpantao/BMon-Andoid: BMon Android Application,0,Java,android,10,11,1,2,1,1,0,2021
GitHub - josedynamo/todolist: Yet another todo list exercise on Android,1,Java,android,6,4,1,1,0,1,0,2012
GitHub - JonasGroeger/GPSService: Demonstrates how to use a service to regularly update a activity with data via callback. Also allows the activity to call functions on the service.,16,Java,android,3,3,1,1,0,1,0,2012
GitHub - JohnAzedo/DFMDCourse: Development for mobile devices using Android native and Flutter code at UFRN,0,Kotlin,android,34,56,2,1,0,1,0,2021
GitHub - joaovitorcf97/GastoDeViagem,0,Kotlin,android,1,1,1,1,0,1,0,2021
GitHub - joanrieu/automatic-alarm: An android app which sets your morning-alarm everyday based on your first calendar entry,1,Java,android,41,15,2,2,0,1,0,2013
"GitHub - Jigsaw-Code/outline-client: Outline clients, developed by Jigsaw. The Outline clients use the popular Shadowsocks protocol, and lean on the Cordova and Electron frameworks to support Windows, Android / ChromeOS, Linux, iOS and macOS.",6500,TypeScript,android,774,1051,1,6,9,1,0,2018
GitHub - jhipster/generator-jhipster-react-native: A React Native blueprint for JHipster,230,EJS,android,1127,402,7,4,3,1,0,2017
"GitHub - jenshandersson/JALoadingView: An easy to use loading indicator for iOS. An early library in Objective-c, now Jens focus is on React Native",2,Objective-C,ios,15,7,3,2,1,1,0,2013
GitHub - jefersonph/SimpleWeather: SimpleWeather iOS APP,1,Objective-C,ios,3,2,1,1,0,1,0,2014
GitHub - jefersonph/ios-pos-unisinos: Aplicativo iOS PÃ³s GraduaÃ§Ã£o Unisinos,0,Objective-C,ios,3,2,1,1,0,1,0,2013
"GitHub - jefchen/nsattributedstringbuilder: A helper class to build attributed strings, making it easier to create descriptions with different font and color",1,Objective-C,ios,2,1,1,1,0,1,0,2013
"GitHub - jcayzac/androido3d: Port of the O3D engine to iOS/Android, with object selection, binary format, etcâ€¦",6,C,android,145,1914,2,3,3,1,0,2011
"GitHub - jcayzac/androido3d: Port of the O3D engine to iOS/Android, with object selection, binary format, etcâ€¦",6,C,ios,145,2302,2,3,3,1,0,2011
GitHub - JarvisDong/DiaryApp-iOS-: A diary iOS application that allows users create multiple dairy book and search dairy entry by tags,0,Swift,ios,5,170,1,1,1,1,0,2018
GitHub - jansanz/WakeMe: Wake on Lan / Wireless app for Android,1,Java,android,15,10,2,1,0,1,0,2011
GitHub - jansanz/TumblrOAuthDemo: Tumblr oAuth demo for Android using SignPost,8,Java,android,3,2,1,1,0,1,0,2011
GitHub - jansanz/Transformer-Battery-Status: Asus eePad Transformer Battery status app.,2,Java,android,13,6,2,1,0,1,0,2011
GitHub - jansanz/Rgdemo: Example on parsing HTML on iOS.,1,Objective-C,ios,9,4,1,1,0,1,0,2012
GitHub - jansanz/iOSXMLPerformance: XML Parser performance on iOS,6,Objective-C,ios,36,39,2,1,0,1,0,2013
GitHub - jansanz/DrivingDirsMapActivity: Driving Directions in MapActivity sample for Android,16,Java,android,5,3,1,1,0,1,0,2012
GitHub - jansanz/AFRaptureXMLRequestOperation: RaptureXML support for AFNetworking's AFHTTPClient,30,Objective-C,ios,20,9,1,3,1,1,0,2012
GitHub - jamesonwilliams/LifecycleTest: A Barebones app to debug (or just learn about) the Android application lifecycle,1,Java,android,2,1,1,1,0,1,0,2012
GitHub - jamesonwilliams/AndroidPersistentSensors: An example service which keeps getting sensor events even after the screen turns off.,33,Java,android,4,2,1,1,0,1,0,2012
GitHub - jakejarvis/JoeyTracker: iOS app for tracking shuttle buses at Tufts University. Abandoned as of 2016.,0,Objective-C,ios,1,1,1,1,0,1,0,2012
GitHub - iuliux/StickierQR: Android app that displays a stream of information related to the QR-Code sticker your camera sees. (Specifically created for Polytechnic University of Bucharest),6,Java,android,64,19,4,2,1,1,0,2012
GitHub - isnandar1471/Projek-Checkbox-dan-Radiobutton-Sederhana-berbasis-Android: Adalah Android App sederhana yang menggunakan widget Checkbox dan Radiobutton yang digunakan untuk memenuhi penugasan Mata Kuliah Pemrograman Front End,0,Kotlin,android,6,3,1,1,0,1,0,2021
GitHub - internaut/iReacTIVision: Modified reacTIVision code to compile and run under iOS. For original reacTIVision code see http://reactivision.sourceforge.net/.,1,C,ios,34,24,1,1,0,1,0,2012
GitHub - Instagram/IGListKit: A data-driven UICollectionView framework for building fast and flexible lists.,12200,Objective-C,ios,721,317,7,9,74,2,2,2016
GitHub - Idorobots/pac-man: A simple Pac Man clone for Android. An AGH-UST project.,0,Java,android,37,24,2,2,0,1,0,2012
"GitHub - iampawan/FlutterExampleApps: [Example APPS] Basic Flutter apps, for flutter devs.",15900,Dart,ios,52,38,2,2,6,1,0,2018
GitHub - iammanujose/CircumSpice: CircumSpice - iOS App - Find your near by places,2,Objective-C,ios,4,2,1,1,0,1,0,2012
GitHub - iambharatks/First-Android-App: It is my first android app,1,Java,android,1,1,1,1,0,1,0,2020
GitHub - hyun940630/ios-study: iOS study ğŸ“±,0,Swift,ios,84,19,1,1,1,1,0,2021
GitHub - hughrawlinson/Wired-Radio-iOS-App: An iOS App for Wired Radio,0,Objective-C,ios,8,4,1,1,0,1,0,2014
GitHub - hoshogi/iOS-study: iOS ê³µë¶€ ê¸°ë¡ì„ ë‚¨ê¸°ëŠ” ë ˆí¬ì§€í† ë¦¬ ì…ë‹ˆë‹¤.,0,Swift,ios,37,3,1,1,0,1,0,2021
"GitHub - horsicq/XAPKDetector: APK/DEX detector for Windows, Linux and MacOS.",328,C++,android,3892,1241,41,1,1,1,0,2020
GitHub - hiennguyen92/flutter_callkit_incoming: Flutter Callkit Incoming,5,Kotlin,ios,51,17,2,1,0,1,0,2021
GitHub - hiennguyen92/flutter_callkit_incoming: Flutter Callkit Incoming,5,Kotlin,android,51,17,2,1,0,1,0,2021
GitHub - heestand-xyz/VertexKit: a Framework for iOS & macOS,40,Swift,ios,118,45,7,2,1,1,0,2018
GitHub - heestand-xyz/PixelKit: Live Graphics,705,Swift,ios,1554,586,6,3,3,1,0,2018
GitHub - halilozel1903/AndroidProjects: Temel seviyeden baÅŸlayÄ±p ileri seviye kadar olan Android UygulamalarÄ±n bulunduÄŸu projedir.,1,Java,android,3,1,1,1,0,1,0,2018
GitHub - halildurmus/hotdeals-app: A community-driven hot deals sharing app developed with Flutter.,7,Dart,ios,403,51,5,3,2,1,0,2021
GitHub - halildurmus/hotdeals-app: A community-driven hot deals sharing app developed with Flutter.,7,Dart,android,403,51,5,3,2,1,0,2021
"GitHub - Hack-with-Github/Awesome-Hacking: A collection of various awesome lists for hackers, pentesters and security researchers",47900,Markdown,android,113,84,19,3,20,2,7,2016
GitHub - haakseth/VolleyStats: Android app for keeping stats for volleyball,2,Java,android,1,1,1,1,0,1,0,2012
GitHub - gyeolse/sogyo: ìƒê¶Œ ë¶„ì„ ì• í”Œë¦¬ì¼€ì´ì…˜ ì œì‘,0,Java,android,84,27,1,3,2,1,0,2020
GitHub - gunosy/GunosyAdNetworkSDK-iOS: Gunosy Adnetwork SDK,0,Objective-C,ios,10,13,2,2,0,1,0,2018
GitHub - GrapheneOS/grapheneos.org: Sources for the GrapheneOS website.,184,HTML,android,3161,1359,44,3,15,1,1,2019
GitHub - govote/govote.android: GoVote Android APP,0,Kotlin,android,10,198,2,2,1,1,0,2018
GitHub - google/material-design-icons: Material Design icons by Google,44500,Markdown,ios,155,13396,1,5,10,1,0,2014
GitHub - globules-io/OGX.JS: OGX.JS Javascript Framework for Mobile & Desktop (Webview) & Progressive Web Applications,9,JavaScript,ios,1748,357,12,2,1,1,0,2016
GitHub - giuliom/Cookbook: Cookbook Android app developed with other students during a course at University of Bristol in 2011/12,0,Java,android,7,4,1,1,0,1,0,2017
GitHub - GetStream/stream-chat-swiftui: Official SwiftUI SDK for Stream Chat.,6,Swift,ios,96,35,1,1,1,1,0,2021
GitHub - GetStream/stream-chat-swift: Official iOS SDK for Stream Chat. Build your own chat experience for iOS.,495,Swift,ios,4376,2242,7,9,22,1,0,2019
"GitHub - getsentry/sentry-cocoa: The official Sentry SDK for iOS, tvOS, macOS, watchOS.",458,Objective-C,ios,1920,598,6,6,18,1,0,2016
GitHub - germanleonz/proyecto_pizarra_android: AplicaciÃ³n Android del Proyecto Pizarra,0,Java,android,9,8,2,1,0,1,0,2013
GitHub - Genymobile/scrcpy: Display and control your Android device,58400,C,android,1474,219,15,4,41,1,1,2017
GitHub - gemilepus/Android-HoughCircles: OpenCV HoughCircles test,0,Java,android,11,8,1,1,0,1,0,2020
GitHub - geerlingguy/Catholic-Diocese-App-iOS: Catholic Diocese App for iOS,14,Objective-C,ios,20,13,2,2,1,1,0,2011
GitHub - geerlingguy/Catholic-Diocese-App-Android: Catholic Diocese App for Android,12,Java,android,35,13,1,2,1,1,0,2012
GitHub - geerlingguy/Android-Map-Marker-Drawables: A standard set of map marker drawables/icons for Android apps.,7,Markdown,android,5,5,1,1,0,1,0,2012
GitHub - gdaguilarc/trainverse-ios: Trainverse app iOS version for project in Mobile development course,0,Swift,ios,19,15,1,2,1,1,0,2020
GitHub - freewizard/AppProxyCap: Application-wide proxy setting for Mac and iOS,125,Objective-C,ios,9,4,1,2,0,1,0,2011
GitHub - franciscollanquipichun/Cliente-Youtube: Cliente android para Youtube,2,Java,android,5,3,1,1,0,1,0,2012
GitHub - FoveaCentral/FaceDetector: Wrapper for Core Image's face-detection API,2,Objective-C,ios,1,1,1,1,0,1,0,2013
GitHub - fmontes/simpleDribbble: A simple gallery for dribbble shots builded with @appcelerator titanium,1,CSS,ios,3,3,1,1,0,1,0,2013
GitHub - flutter/plugins: Plugins for Flutter maintained by the Flutter team,14900,Dart,ios,3220,2860,5,12,62,1,1,2017
GitHub - flutter/plugins: Plugins for Flutter maintained by the Flutter team,14900,Dart,android,3223,2860,5,12,62,1,1,2017
GitHub - flutter/plugins: Plugins for Flutter maintained by the Flutter team,14900,Dart,ios,3222,2860,5,12,62,1,1,2017
GitHub - floehopper/installd: A social network for owners of iPhone apps,4,Ruby,ios,379,3413,1,1,0,1,0,2010
GitHub - floehopper/installd-client: RubyCocoa client app for installd.com a social network for owners of iPhone apps,3,Ruby,ios,218,181,2,1,0,1,0,2010
GitHub - FlipFlopWeekly/zorios: Real-time link sharer using Firebase as its backend and iPhone app on the frontend.,3,Objective-C,ios,21,17,2,1,0,1,0,2014
GitHub - Flaque/quirk: âœ¨ğŸ™ A GPL Licensed Cognitive Behavioral Therapy app for iOS and Android. Currently a teaching tool,2000,TypeScript,ios,476,96,4,4,8,1,0,2018
GitHub - flameshikari/ddrg: Generate a repository with mirror links for DriveDroid app,3,Python,android,220,70,1,1,0,1,0,2021
GitHub - firebase/firebase-android-sdk: Firebase Android SDK,1700,Java,android,1489,410,3,8,30,1,0,2018
GitHub - FIAPON/TestesUnidadeUIAndroid: Aplicativo de exemplo testes unitÃ¡rios e testes de UI em Android,0,Kotlin,android,2,1,1,1,0,1,0,2020
GitHub - farzonl/AugmentedRealityApp: An android app I wrote that lets you replace  checkered boards with images.,1,Java,android,2,1,1,1,0,1,0,2013
"GitHub - exalted/PTShowcaseViewController: An initial implementation of a ""showcase"" view( controller) for iOS apps... Visualizes images, videos and PDF files beautifully! (by @pittleorg) [meta: image, photo, video, document, pdf, album, gallery, showcase, gallery, iOS, iPhone, iPad, component, library, viewer]",395,Objective-C,ios,114,47,3,2,1,1,0,2012
"GitHub - exalted/PTImageAlbumViewController: ""Image Album"" â€” or ""Photo Album"" if you like that better â€” View( Controller) for all crazy iOS developers out there...",199,Objective-C,ios,73,30,5,2,2,1,0,2012
GitHub - eugmoon/cs193p: Assignments from iTunes U Stanford course CS193P,0,Objective-C,ios,6,3,2,1,0,1,0,2014
GitHub - ermaozi/get_subscribe: âœˆï¸å…è´¹æœºåœº  / å…è´¹VPN -> è‡ªåŠ¨è·å–å…clash/v2ray/trojan/sr/ssr è®¢é˜…é“¾æ¥ï¼Œé—´éš”6å°æ—¶æŒç»­æ›´æ–° | ç§‘å­¦ä¸Šç½‘ | ç¿»å¢™,636,Python,android,17,9,1,1,0,1,0,2021
GitHub - eggie5/android-share-menu: android share menu,26,Java,android,3,2,1,1,0,1,0,2010
GitHub - dlswer23/android,0,Java,android,75,376,2,2,0,1,0,2020
GitHub - dlleng/SwiftSocket: A simple ã€powerful tcp library.,7,Swift,ios,13,26,2,1,1,1,0,2021
GitHub - DJMW-KR/DJMW-Android: ë„ˆëŠ” ì–´ë–¤ ë‹µì¥ì„ ì¢‹ì•„í•˜ë‹ˆ?,0,Kotlin,android,112,26,2,1,0,1,0,2021
GitHub - divyanshudob/SafetyApp: An android app that alerts the user's guardian whenever she is in some kind of emergency situation.,0,Kotlin,android,14,8,1,1,0,1,0,2021
"GitHub - digitalheir/fusion-tables-android: Reparation of http://code.google.com/p/fusion-tables-android to work with post-honeycomb devices. LocationListener still doesn't work well, but at least it doesn't crash.",1,Java,android,3,1,1,1,0,1,0,2012
GitHub - devolonter/Pretty-Painter: Graphics editor for Android.,108,Java,android,118,44,4,2,2,1,0,2011
GitHub - DevLucasYuji/crosslife-suzano-mobile: A Crosslife Suzano Mobile Ã© um aplicativo mobile Android voltado para o pÃºblico da academia Crosslife de Suzano,1,Kotlin,android,269,226,4,2,1,1,0,2021
"GitHub - DesktopECHO/Pi-hole-for-Android: Pi-hole for Android - DNS ad-blocker originally for Raspberry Pi works great in Linux Deploy.  Runs on any rooted Android 4.0.3+ device, ARMv7 or newer.",27,Shell,android,27,22,2,1,0,1,0,2021
"GitHub - derekli66/TDMarriage: This project was developed for monitoring wedding participants. In Taiwan, the newlyweds invites people to come to their wedding and prepare tables for them. How to monitor current coming guests becomes an important issue. Thus, this project was created for monitoring coming guest on the go.",1,Objective-C,ios,3,2,1,1,0,1,0,2013
"GitHub - dennisreimann/ioctocat: iOctocat v1 - GitHub for iOS (works on the iPhone, iPad, and iPod Touch)",1700,Ruby,ios,1670,1307,7,5,11,1,0,2009
"GitHub - DeFiCh/wallet: DeFiChain Wallet. The DeFi Blockchain Light Wallet for iOS, Android & Web. + Desktop Coming Soon",42,TypeScript,android,857,348,8,6,5,2,0,2021
GitHub - deandreamatias/museum_tour: Mobile app for a tour of a museum exposition - Made with #Flutter,0,Dart,android,56,17,2,1,0,1,0,2020
GitHub - ddwhan0123/Useful-Open-Source-Android: é€ ç¦å¤§å®¶ï¼Œ0å¹¿å‘Šï¼Œæ”¶é›†å½’çº³,1400,Markdown,android,3107,1855,55,2,1,1,0,2016
GitHub - davidvalarezo/Fundamentos_Android: PrÃ¡cticas de Fundamentos de ProgramaciÃ³n en Android del MÃ¡ster en Desarrollo de Aplicaciones MÃ³viles (UPV),0,Java,android,13,3,1,1,0,1,0,2019
GitHub - DATL4G/Coilifier-Android: Improves Glide usibility when using Kotlin. Changes default Glide style to the style of Coil,5,Kotlin,android,18,11,1,2,0,1,0,2021
GitHub - dasbluehole/Android-split: Android Rom image spliter(For weak hearted like me :) using GTK,0,C,android,2,1,1,1,0,1,0,2019
GitHub - Darkness4/train-station: A Full Stack demo app with AtreuGo and Modern Android Development/Svelte to keep up with today's standards.,2,Kotlin,android,676,178,6,5,2,1,0,2020
GitHub - danielpassos/selfrj-aerogear-ios: My Presentation Live Coding in SelfRJ 2013,1,Objective-C,ios,5,130,1,1,0,1,0,2013
GitHub - danielpassos/BrazilJS-AndroidJS: My Presentation Live Coding in BrazilJS 2011,1,Java,android,5,3,1,2,1,1,0,2011
GitHub - danielpassos/AndroidConfBrasil2011: My Presentation Live Coding in Android Conf Brasil 2011,0,Java,android,5,2,1,2,0,1,0,2011
"GitHub - couchbase/couchbase-lite-ios: Lightweight, embedded, syncable NoSQL database engine for iOS and MacOS apps.",1500,Objective-C,ios,4516,1559,12,4,16,1,0,2013
GitHub - connectbot/connectbot: ConnectBot is the first SSH client for Android.,1800,Java,android,2032,392,7,5,12,1,0,2009
"GitHub - ConcealNetwork/conceal-mobile: Conceal Mobile - Privacy, DeFI, Messaging & Wallet App",14,JavaScript,android,482,180,10,4,3,1,0,2019
GitHub - computefoundation/enterprise-android-application-development: An enterprise Android application development framework,9,Java,android,11,11,1,1,0,1,0,2018
GitHub - coil-kt/coil: Image loading for Android backed by Kotlin Coroutines.,7400,Kotlin,android,897,126,7,4,6,1,0,2019
GitHub - coddang/iOS_BootCamp_SSAC: ğŸ““ iOS BootCamp í•™ìŠµ ì •ë¦¬ ìë£Œ,5,Markdown,ios,41,48,2,1,1,1,0,2021
GitHub - cloneconf/Nedium: Read Medium freely on Android!,0,Kotlin,android,84,22,2,1,0,1,0,2021
GitHub - CICS-Careers/starter-ios-project: A starter Xcode project using UIKit,1,Swift,ios,5,3,1,2,0,1,0,2021
GitHub - chupakabr/ios-ui-techniques-example: Badoo iOS UI development techniques example,2,Swift,ios,6,4,1,2,0,1,0,2018
GitHub - chirag64/shimmer.js: JavaScript implementation of the iOS shimmer effect,7,JavaScript,ios,6,3,1,1,0,1,0,2014
"GitHub - CanarysPlayground/mob-devops-demo: Mobile DevOps demo with Xamarin, App Center and VS for Mac",1,C#,ios,158,58,5,4,2,1,0,2021
GitHub - cameronhunter/Escalate: Android app that intercepts SMS messages which match a user-defined RegEx and then goes nuts,1,Java,android,23,18,1,2,1,1,0,2012
GitHub - bws9000/EatDudeAndroid: Mobile Restaurant Menus ( Java | Android ),1,Java,android,1,1,1,1,0,1,0,2012
GitHub - bumptech/glide: An image loading and caching library for Android focused on smooth scrolling,32000,Java,android,2618,490,11,6,23,1,0,2013
GitHub - BrainiumLLC/cargo-mobile: Rust on mobile made easy!,512,Rust,ios,456,193,7,3,4,1,0,2020
GitHub - box/mojito: An automation platform that enables continuous localization.,301,Java,ios,1026,157,2,6,10,1,0,2016
GitHub - BlackIQ/flulator: Open Source Flutter calculator,6,Dart,ios,121,68,2,2,0,1,0,2021
"GitHub - bilibili/ijkplayer: Android/iOS video player based on FFmpeg n3.4, with MediaCodec, VideoToolbox support.",29700,C,android,2627,501,6,4,14,1,0,2013
GitHub - bdelliott/wordgame: Word du Jour,4,Python,ios,121,58,1,2,1,1,0,2012
GitHub - bdbergeron/BDBPageViewController: View controller class for displaying paged content.,0,Objective-C,ios,5,9,1,2,0,1,0,2014
GitHub - barelyhuman/custom-rom-index: Community Sourced Android Custom ROM Index,4,JavaScript,android,169,130,7,2,0,1,0,2021
GitHub - Azure/azure-sdk-for-ios: iOS client SDKs for Microsoft Azure,112,Swift,ios,838,258,6,6,7,1,0,2018
GitHub - Azure/azure-sdk-for-android: Android client SDKs for Microsoft Azure,57,Java,android,780,2147,3,6,9,1,0,2018
GitHub - Azure/azure-notificationhubs-xamarin: Azure Notification Hubs Sample for Xamarin Forms,23,C#,android,56,42,1,3,2,1,0,2020
GitHub - awslabs/aws-mobile-appsync-sdk-ios: iOS SDK for AWS AppSync.,245,Swift,ios,429,168,4,6,14,1,0,2017
GitHub - aviafelix/yartemp: ĞĞ½Ğ´Ñ€Ğ¾Ğ¹Ğ´Ğ¾Ğ²ÑĞºĞ¸Ğ¹ Ğ²Ğ¸Ğ´Ğ¶ĞµÑ‚ Ğ´Ğ»Ñ ÑĞ°Ğ¹Ñ‚Ğ° Yartemp.com,1,Java,android,10,14,2,2,0,1,0,2017
GitHub - atsushieno/xamldroid: xaml-bound View for monodroid,8,C#,android,15,9,1,2,1,1,0,2011
"GitHub - atsushieno/monodroid-schema-gen: IT IS A DEAD PROJECT, obsoleted by https://github.com/atsushieno/xamarin-android-shema-generator",19,C#,android,9,3,1,2,1,1,0,2010
GitHub - astroboy0803/RefreshCollectionView: iOS Swift UICollectionView UIRefreshControl UISearchController Suggestion,0,Swift,ios,11,5,1,2,1,1,0,2020
GitHub - asnbd/CalculatorApp: A Simple Calculator Application for Android devices. Developed in Android Studio.,0,Java,android,11,6,1,1,0,1,0,2018
GitHub - ashleyconnor/Timetable-iOS-Application: A small timetable application for iOS using University of Liverpool third year timetable data,1,Objective-C,ios,1,1,1,1,0,1,0,2011
GitHub - asaxena2019/first-ios-project: Built a simple calculator with iOS,0,Swift,ios,19,12,2,1,0,1,0,2020
GitHub - arturgrigor/AGAlertViewWithProgressbar,11,Objective-C,ios,5,3,1,1,0,1,0,2012
GitHub - arnav-deep/GroceryFinder: An Android app to find grocery in some cities. Uses data from Google by Places API,0,Java,android,6,2,1,1,0,1,0,2020
"GitHub - aripollak/PictureMap: An Android application to find the geotagged photos on your device and show them on a map. No longer maintained, but patches/maintainers are welcome.",4,Java,android,79,55,3,2,3,1,0,2011
GitHub - arielm/chronotext-cross: Cross platform infrastructure for developing 2d and 3d applications with C++ and OpenGL,18,C++,android,974,402,4,1,0,1,0,2015
GitHub - AppiumTestDistribution/appium-device-farm: This is an Appium 2.0 plugin designed to manage and create driver sessions on available devices.,50,TypeScript,android,305,148,4,6,6,1,0,2021
GitHub - appium/appium-ios: iOS-specific packages for Appium,1,JavaScript,ios,1366,261,7,6,13,1,0,2021
GitHub - andyatkinson/TrainBrain: Train Brain iOS application has been open sourced!,0,Objective-C,ios,279,110,6,4,2,1,0,2009
GitHub - androiddevnotes/awesome-android-kotlin-apps: ğŸ‘“ A curated list of awesome android kotlin apps by open-source contributors.,1400,Kotlin,android,1736,1684,27,2,43,1,0,2002
GitHub - android/architecture-samples: A collection of samples to discuss and showcase different architectural tools and patterns for Android apps.,39800,Kotlin,android,700,633,5,6,23,1,0,2016
"GitHub - AnaBerigo/Cooking_Home-App-Recipes: Aplicativo desenvolvido em React Native, com intuito de mostrar receitas e filtrar ingredientes. Utilizando a ferramenta Expo.",0,JavaScript,ios,10,4,1,2,0,1,0,2021
GitHub - amarcolini/joos: A comprehensive kotlin library designed for FTC.,0,Kotlin,android,40,16,3,3,1,1,0,2021
GitHub - Alvin9999/new-pac: ç¿»å¢™-ç§‘å­¦ä¸Šç½‘ã€å…è´¹ç¿»å¢™ã€å…è´¹ç§‘å­¦ä¸Šç½‘ã€å…è´¹è‡ªç”±ä¸Šç½‘ã€fanqiangã€ç¿»å¢™æ¢¯å­ã€å…è´¹è½¯ä»¶/æ–¹æ³•ï¼Œä¸€é”®ç¿»å¢™æµè§ˆå™¨ï¼Œå…è´¹shadowsocks/ss/ssr/v2ray/goflywayè´¦å·/èŠ‚ç‚¹åˆ†äº«ï¼Œvpsä¸€é”®æ­å»ºç¿»å¢™æœåŠ¡å™¨è„šæœ¬/æ•™ç¨‹ï¼Œç”µè„‘ã€æ‰‹æœºã€iOSã€å®‰å“ã€windowsã€Macã€Linuxã€è·¯ç”±å™¨ç¿»å¢™,31600,Markdown,ios,630,152,35,2,1,1,0,2016
GitHub - alimogh/Android-WebView-ProgressBar: How to load WebView with ProgressBar?,1,Java,android,2,1,1,1,0,1,0,2020
GitHub - albertojauregui/taller-iOS-octubre2010: Taller desarrollo iOS (octubre 2010) impartido por RenÃ© Cruz Flores,0,Markdown,ios,4,2,1,1,0,1,0,2013
GitHub - airbnb/swift: Airbnb's Swift Style Guide.,1400,Markdown,ios,480,286,31,5,26,2,4,2016
GitHub - airbnb/lottie-ios: An iOS library to natively render After Effects vector animations,22200,Swift,ios,927,857,4,5,31,1,0,2016
"GitHub - airbnb/lottie-android: Render After Effects animations natively on Android and iOS, Web, and React Native",32100,Java,android,1367,542,4,5,35,1,0,2016
GitHub - acoustic-analytics/TealeafDebug-SP: Swift package for Tealeaf debug iOS library.,0,Swift,ios,194,188,28,2,1,1,0,2021
GitHub - acoustic-analytics/EOCore: iOS EOCore library repo,0,Ruby,ios,275,194,8,4,2,1,0,2017
GitHub - acoustic-analytics/DigitalAnalyticsDebug-SP,0,Swift,ios,142,140,21,2,1,1,0,2021
GitHub - acoustic-analytics/DigitalAnalytics: iOS Digital Analytics library repo,0,Objective-C,ios,77,38,3,4,1,1,0,2017
GitHub - aburdiss/BrassExcerpts: A React Native app that is a handy orchestral excerpt reference for brass musicians.,2,JavaScript,android,221,41,1,1,0,1,0,2021
GitHub - A2L5E0X1/debloat-adb: Bash Debloat-Scripts for Android Devices (using ADB),22,Shell,android,47,11,3,2,2,1,0,2020
GitHub - 0x0c/UIAlertView-Blocks: UIAlertView blocks extension,1,Objective-C,ios,4,2,1,1,0,1,0,2012
GitHub - 0x0c/M2DSequentialURLConnection,0,Objective-C,ios,7,3,1,2,1,1,0,2013
GitHub - 0x0c/CutomImagePickerController: can tap-focus with showCameraControls disable,6,Objective-C,ios,9,22,4,1,0,1,0,2011
GitHub - 0x0c/CLLocationManager-blocks: CLLocationManager with blocks,2,Objective-C,ios,5,4,1,1,0,1,0,2012